{
  "member": [
    {
      "MAX_HP": 1,
      "hp": 1,
      "power": 6.693349,
      "ally": false,
      "seelen": 12.6536388,
      "fast": 3.946572
    },
    {
      "MAX_HP": 1,
      "hp": 1,
      "power": 10.5040913,
      "ally": false,
      "seelen": 17.8326473,
      "fast": 5.19516134
    },
    {
      "MAX_HP": 1,
      "hp": 1,
      "power": 9.726324,
      "ally": false,
      "seelen": 12.6974773,
      "fast": 2.745883
    }
  ]
}